Workbook

Sheet CONSOLIDADO PGIRHS 
C1: REGISTRO DE INDICADORES PGIRASA 2025
B4: Residuo | C4: Enero | D4: Febrero | E4: Marzo | F4: Abril | G4: Mayo | H4: Junio | I4: SEMESTRE I | J4: Julio | K4: Agosto | L4: Septiembre | M4: Octubre | N4: Noviembre | O4: Diciembre | P4: SEMESTRE II | Q4: Tratamiento
B5: Biosanitarios Y1 | C5: 0 | D5: 1 | E5: 0,9 | F5: 0,9 | G5: 0,8 | H5: 0,8 | I5: =SUM(C5:H5) -> 1 | P5: =SUM(J5:O5) -> 0 | Q5: Esterilizacion
B6: Reciclaje | C6: 0,9 | D6: 0,7 | E6: 0,6 | F6: 0,7 | G6: 0,4 | H6: 0,7 | I6: =SUM(C6:H6) -> 0 | P6: =SUM(J6:O6) -> 0
B7: Ordinarios | C7: 1,5 | D7: 1,0 | E7: 1 | F7: 1 | G7: 0,8 | H7: 1 | I7: =SUM(C7:H7) -> 3 | P7: =SUM(J7:O7) -> 0
B8: Total Producido mes | C8: =SUM(C5:C7) -> 0 | D8: =SUM(D5:D7) -> 1 | E8: =SUM(E5:E7) -> 1 | F8: =SUM(F5:F7) -> 1 | G8: =SUM(G5:G7) -> 0 | H8: =SUM(H5:H7) -> 1 | I8: =SUM(I5:I7) -> 4 | J8: =SUM(J5:J7) -> 0 | ... P8: =SUM(P5:P7) -> 0
F9: Total de Residuos Peligrosos | I9: =SUM(I5) -> 1 | M9: Total de Residuos Peligrosos | P9: =SUM(P5) -> 0
F10: Total de Residuos NO Peligrosos | I10: =SUM(I6:I7) -> 3 | M10: Total de Residuos NO Peligrosos | P10: =SUM(P6:P7) -> 0
B12: EVIDENCIA GRAFICA SEMESTRE I
B14: EVIDENCIA GRAFICA SEMESTRE II

Sheet INDICADORES
B1: INDICADORES DE SEGUIMIENTO AL PGIRHS | W1: Codigo: EH-F-015 Emision: Ago - 2023 Version: 1
A3: Destinación para incineración | B3: Enero | D3: Febrero | F3: Marzo | H3: Abril | J3: Mayo | L3: Junio | N3: Julio | P3: Agosto | R3: Septiembre | T3: Octubre | V3: Noviembre | X3: Diciembre
A4: Cantidad de residuos incinerados en Kg./ mes | B4: 0 | C4: =+B4/B5 -> #DIV/0! | D4: 0 | E4: =+D4/D5 -> 0 | F4: 0 | G4: =+F4/F5 -> 0 | H4: 0 | I4: =+H4/H5 -> 0 | J4: 0 | K4: =+J4/J5 -> #DIV/0! | L4: 0 | M4: =+L4/L5 -> 0 | N4: 0 | O4: =+N4/N5 -> #DIV/0! | P4: 0 | Q4: =+P4/P5 -> #DIV/0! | R4: 0 | S4: =+R4/R5 -> #DIV/0! | T4: 0 | U4: =+T4/T5 -> #DIV/0! | V4: 0 | W4: =+V4/V5 -> #DIV/0! | X4: 0 | Y4: =+X4/X5 -> #DIV/0!
A5: Cantidad total de Residuos producidos por el Hospital o establecimiento en Kg./mes | B5: 0 | D5: =+'CONSOLIDADO PGIRHS '!D8 -> 1 | F5: =+'CONSOLIDADO PGIRHS '!E8 -> 1 | H5: =+'CONSOLIDADO PGIRHS '!F8 -> 1 | J5: =+'CONSOLIDADO PGIRHS '!G8 -> 0 | L5: =+'CONSOLIDADO PGIRHS '!H8 -> 1 | N5: 0 | P5: =+'CONSOLIDADO PGIRHS '!K8 -> 0 | R5: =+'CONSOLIDADO PGIRHS '!L8 -> 0 | T5: =+'CONSOLIDADO PGIRHS '!M8 -> 0 | V5: =+'CONSOLIDADO PGIRHS '!N8 -> 0 | X5: =+'CONSOLIDADO PGIRHS '!O8 -> 0
A7: Destinacion para otro sistema | B7: Enero | D7: Febrero | F7: Marzo | H7: Abril | J7: Mayo | L7: Junio | N7: Julio | P7: Agosto | R7: Septiembre | T7: Octubre | V7: Noviembre | X7: Diciembre
A8: cantidad de residuos sometidos a esterilizacion y enviados a relleno industrial | B8: =+'CONSOLIDADO PGIRHS '!C5 -> 0 | C8: =+B8/B9 -> #DIV/0! | D8: 0 | E8: =+D8/D9 -> 0 | F8: 0 | G8: =+F8/F9 -> 0 | H8: 0 | I8: =+H8/H9 -> 0 | J8: 0 | K8: =+J8/J9 -> #DIV/0! | L8: 0 | M8: 0 | N8: =+'CONSOLIDADO PGIRHS '!J5 | O8: =+N8/N9 -> #DIV/0! | P8: =+'CONSOLIDADO PGIRHS '!K5 | Q8: =+P8/P9 -> #DIV/0! | R8: =+'CONSOLIDADO PGIRHS '!L5 | S8: =+R8/R9 -> #DIV/0! | T8: =+'CONSOLIDADO PGIRHS '!M5 | U8: =+T8/T9 -> #DIV/0! | V8: =+'CONSOLIDADO PGIRHS '!N5 | W8: =+V8/V9 -> #DIV/0! | X8: =+'CONSOLIDADO PGIRHS '!O5 | Y8: =+X8/X9 -> #DIV/0!
A9: Cantidad total de Residuos producidos por el Hospital en Kg./mes | B9: =+'CONSOLIDADO PGIRHS '!C8 -> 0 | D9: =+'CONSOLIDADO PGIRHS '!D8 -> 1 | F9: =+'CONSOLIDADO PGIRHS '!E8 -> 1 | H9: =+'CONSOLIDADO PGIRHS '!F8 -> 1 | J9: =+'CONSOLIDADO PGIRHS '!G8 -> 0 | L9: =+'CONSOLIDADO PGIRHS '!H8 -> 1 | N9: =+'CONSOLIDADO PGIRHS '!J8 -> 0 | P9: =+'CONSOLIDADO PGIRHS '!K8 -> 0 | R9: =+'CONSOLIDADO PGIRHS '!L8 -> 0 | T9: =+'CONSOLIDADO PGIRHS '!M8 -> 0 | V9: =+'CONSOLIDADO PGIRHS '!N8 -> 0 | X9: =+'CONSOLIDADO PGIRHS '!O8 -> 0
A11: Destinación para el reciclaje | B11: Enero | D11: Febrero | F11: Marzo | H11: Abril | J11: Mayo | L11: Junio | N11: Julio | P11: Agosto | R11: Septiembre | T11: Octubre | V11: Noviembre | X11: Diciembre
A12: cantidad de residuos reciclados en Kg/mes | B12: =+'CONSOLIDADO PGIRHS '!C6 -> 0,9 | C12: =+B12/B13 -> #VALUE! | D12: =+'CONSOLIDADO PGIRHS '!D6 -> 0,7 | E12: =+D12/D13 -> #VALUE! | F12: =+'CONSOLIDADO PGIRHS '!E6 -> 0,6 | G12: =+F12/F13 -> #VALUE! | H12: =+'CONSOLIDADO PGIRHS '!F6 -> 0,7 | I12: =+H12/H13 -> #VALUE! | J12: =+'CONSOLIDADO PGIRHS '!G6 -> 0,4 | K12: =+J12/J13 -> #VALUE! | L12: =+'CONSOLIDADO PGIRHS '!H6 -> 0,7 | M12: =+L12/L13 -> #VALUE! | N12: =+'CONSOLIDADO PGIRHS '!J6 | O12: =+N12/N13 -> #DIV/0! | P12: =+'CONSOLIDADO PGIRHS '!K6 | Q12: =+P12/P13 -> #DIV/0! | R12: =+'CONSOLIDADO PGIRHS '!L6 | S12: =+R12/R13 -> #DIV/0! | T12: =+'CONSOLIDADO PGIRHS '!M6 | U12: =+T12/T13 -> #DIV/0! | V12: =+'CONSOLIDADO PGIRHS '!N6 | W12: =+V12/V13 -> #DIV/0! | X12: =+'CONSOLIDADO PGIRHS '!O6 | Y12: =+X12/X13 -> #DIV/0!
A13: Cantidad total de Residuos producidos por el Hospital o establecimiento en Kg./mes | B13: =+'CONSOLIDADO PGIRHS '!C8 -> 0 | D13: =+'CONSOLIDADO PGIRHS '!D8 -> 1 | F13: =+'CONSOLIDADO PGIRHS '!E8 -> 1 | H13: =+'CONSOLIDADO PGIRHS '!F8 -> 1 | J13: =+'CONSOLIDADO PGIRHS '!G8 -> 0 | L13: =+'CONSOLIDADO PGIRHS '!H8 -> 1 | N13: =+'CONSOLIDADO PGIRHS '!J8 -> 0 | P13: =+'CONSOLIDADO PGIRHS '!K8 -> 0 | R13: =+'CONSOLIDADO PGIRHS '!L8 -> 0 | T13: =+'CONSOLIDADO PGIRHS '!M8 -> 0 | V13: =+'CONSOLIDADO PGIRHS '!N8 -> 0 | X13: =+'CONSOLIDADO PGIRHS '!O8 -> 0
A15: cumplimiento de capacitaciones presupuestadas | B15: Cuatrimestre 1 | D15: Cuatrimestre 2 | F15: Cuarimestre 3
A16: No capacitaciones realizadas | B16: 2 | C16: =+B16/B17 -> 1 | D16: 0 | E16: =+D16/D17 -> #DIV/0! | F16: 0
A17: No capacitaciones Presupuestadas | B17: 2 | D17: 0 | F17: 0
A19: De Frecuencia | B19: Enero | D19: Febrero | F19: Marzo | H19: Abril | J19: Mayo | L19: Junio | N19: Julio | P19: Agosto | R19: Septiembre | T19: Octubre | V19: Noviembre | X19: Diciembre
A20: No. total de Accidentes mes por residuos hospitalarios | B20: 0 | C20: =+B20/B21 -> 0 | D20: 0 | E20: =+D20/D21 -> 0 | F20: 0 | G20: =+F20/F21 -> 0 | H20: 0 | I20: =+H20/H21 -> 0 | J20: 0 | K20: =+J20/J21 -> 0 | L20: 0 | M20: =+L20/L21 -> 0 | N20: 0 | O20: =+N20/N21 -> 0 | P20: 0 | Q20: =+P20/P21 -> #DIV/0! | R20: 0 | T20: 0 | U20: =+T20/T21 -> #DIV/0! | V20: 0 | W20: =+V20/V21 -> #DIV/0! | X20: 0 | Y20: =+X20/X21 -> #DIV/0!
A21: No total de horas hombre trabajadas mes | B21: 44 | D21: 44 | F21: 44 | H21: 44 | J21: 44 | L21: 44 | N21: 44
A23: De Gravedad | B23: Enero | D23: Febrero | F23: Marzo | H23: Abril | J23: Mayo | L23: Junio | N23: Julio | P23: Agosto | R23: Septiembre | T23: Octubre | V23: Noviembre | X23: Diciembre
A24: Número total días de incapacidad mes | B24: 0 | C24: =+B24/B25 -> 0 | D24: 0 | E24: =+D24/D25 -> 0 | F24: 0 | G24: =+F24/F25 -> 0 | H24: 0 | I24: =+H24/H25 -> 0 | J24: 0 | K24: =+J24/J25 -> 0 | L24: 0 | M24: =+L24/L25 -> 0 | N24: 0 | O24: =+N24/N25 -> 0 | P24: 0 | Q24: =+P24/P25 -> #DIV/0! | R24: 0 | S24: =+R24/R25 -> #DIV/0! | T24: 0 | U24: =+T24/T25 -> #DIV/0! | V24: 0 | W24: =+V24/V25 -> #DIV/0! | X24: 0 | Y24: =+X24/X25 -> #DIV/0!
A25: No total de horas hombre trabajadas mes | B25: 44 | D25: 44 | F25: 44 | H25: 44 | J25: 44 | L25: 44 | N25: 44
A27: De Incidencia | B27: Enero | D27: Febrero | F27: Marzo | H27: Abril | J27: Mayo | L27: Junio | N27: Julio | P27: Agosto | R27: Septiembre | T27: Octubre | V27: Noviembre | X27: Diciembre
A28: Número de accidentes mes | B28: 0 | C28: =+B28/B29 -> 0 | D28: 0 | E28: =+D28/D29 -> 0 | F28: 0 | G28: =+F28/F29 -> 0 | H28: 0 | I28: =+H28/H29 -> 0 | J28: 0 | K28: =+J28/J29 -> 0 | L28: 0 | M28: =+L28/L29 -> 0 | N28: 0 | O28: =+N28/N29 -> 0 | P28: 0 | Q28: =+P28/P29 -> #DIV/0! | R28: 0 | S28: =+R28/R29 -> #DIV/0! | T28: 0 | U28: =+T28/T29 -> #DIV/0! | V28: 0 | W28: =+V28/V29 -> #DIV/0! | X28: 0 | Y28: =+X28/X29 -> #DIV/0!
A29: Número de personas expuestas | B29: 4 | D29: 4 | F29: 4 | H29: 4 | J29: 4 | L29: 4 | N29: 4

Sheet INFORME SEMESTRE 1 
C1: INFORME I SEMESTRE | O1: Codigo: EH-F-015 Emision: Ago - 2023 Version: 1
B3: Nombre o Razón Social | C3: Nivel de Complejidad | D3: N° de Camas | E3: Producción Residuos Peligrosos (Kg/Semestral) | F3: Producción Residuos No Peligrosos (Kg/Semestral) | G3: Producción Total de Residuos (Kg/Semestral) | H3: Indicador de destinación para desactivación de alta eficiencia (semestral %) | I3: Indicador de destinación para reciclaje (semestral %) | J3: Indicador de destinación para incineración (semestral %) | K3: Indicador de destinación para rellenos sanitarios (semestral %) | L3: Indicador de destinación para otro sistema (semestral %) | M3: Indicador de Capacitación (semestral %) | N3: Indicador de Frecuencia de Accidentes (semestral %) | O3: Indicador de Gravedad de Accidentes (semestral %) | P3: Indicador de Infección Nosocomial (semestral %)
C4: BAJO | D4: N/A | E4: =+'CONSOLIDADO PGIRHS '!I9 -> 1 | F4: =+'CONSOLIDADO PGIRHS '!I10 -> 3 | G4: =SUM(E4:F4) -> 4 | H4: 0 | I4: =+'CONSOLIDADO PGIRHS '!I6 -> 0 | J4: 0 | K4: 0 | L4: N/A | M4: 1 | N4: 0 | O4: 0
B5: TRATAMIENTO | H5: Esterilizacion | J5: Incineración

Sheet FICHAS TECNICAS
C1: FICHAS TECNICAS DE INDICADORES SEGURIDAD DEL MEDIO AMBIENTE | N1: Codigo: EH-F-015 Emision: Ago - 2023 Version: 1
A5: INDICADOR | B5: OBJETIVO DEL INDICADOR | C5: ALCANCE | D5: DOMINIO | E5: RESPONSABLE DEL KPI | F5: FORMA DE MEDICIÓN | H5: RESPONSABLE DE LA MEDICIÓN Y ACTUALIZACIÓN | I5: FUENTE DE MEDICIÓN | K5: UNIDAD DE MEDIDA | L5: FRECUENCIA DEL KPI | P5: META
F6: NUMERADOR | G6: DENOMINADOR | I6: NUMERADOR | J6: DENOMINADOR | L6: Mensual | M6: Trimestral | N6: Semestral | O6: Anual
A7: Destinación para incineración | B7: Dejar evidencia del numero total de residuos que fueron enviados a incineracion | C7: Monitoria interna del sistema | D7: Seguridad | E7: Lider de medio ambiente | F7: Cantidad de residuos incinerados en Kg./ mes | G7: Cantidad total de Residuos producidos por la institución en Kg./mes | H7: Comité de Medio Ambiente | I7: Registros PGIRHS RH1 | J7: Registros PGIRHS RH1 | K7: % | L7: X
A8: Destinacion para otro sistema | B8: Dejar evidencia del porcentaje total de residuos que fueron enviados a otro sistema | C8: Monitoria interna del sistema | D8: Seguridad | E8: Lider de medio ambiente | F8: cantidad de residuos sometidos a esterilizacion y enviados a relleno industrial | G8: Cantidad total de Residuos producidos por la institución Kg./mes | H8: Comité de Medio Ambiente | I8: Registros PGIRHS RH1 | J8: Registros PGIRHS RH1 | K8: % | L8: X
A9: Destinación para el reciclaje | B9: Dejar evidencia del porcentaje total de residuos que fueron enviados a reciclaje | C9: Monitoria interna del sistema | D9: Seguridad | E9: Lider de medio ambiente | F9: cantidad de residuos reciclados en Kg/mes | G9: Cantidad total de Residuos producidos por la institución en Kg./mes | H9: Comité de Medio Ambiente | I9: Registros PGIRHS RH1 | J9: Registros PGIRHS RH1 | K9: % | L9: X
A10: cumplimiento de capacitaciones presupuestadas | B10: Dejar evidencia de los procesos de formacion a realizar con todo el personal | C10: Monitoria interna del sistema | D10: Seguridad | E10: Lider de medio ambiente | F10: No capacitaciones realizadas | G10: No capacitaciones Presupuestadas | H10: Comité de Medio Ambiente | I10: Cronograma de capacitacion Listado de Asistencia a Capacitacion | J10: Cronograma de capacitacion | K10: % | M10: X
A11: De Frecuencia | B11: Dejar evidencia de los accidentes de trbajoa que se presentan en la organización, relacionados con la gestion de residuos | C11: Monitoria interna del sistema | D11: Seguridad | E11: Lider de medio ambiente | F11: No. total de Accidentes mes por residuos hospitalarios | G11: No total de horas hombre trabajadas mes | H11: Comité de Medio Ambiente | I11: Registros PGIRHS RH1 | J11: Registros PGIRHS RH1 | K11: % | L11: X
A12: De Gravedad | B12: Dias de incapacidad generados debido a los accidentes de trabajo presentados en la organización | C12: Monitoria interna del sistema | D12: Seguridad | E12: Lider de medio ambiente | F12: Número total días de incapacidad mes | G12: No total de horas hombre trabajadas mes | H12: Comité de Medio Ambiente | I12: Registros PGIRHS RH1 | J12: Registros PGIRHS RH1 | K12: % | L12: X
A13: De Incidencia | B13: Numero de accidentes de trabajo que se presentan en la organizzacion, de acuerdo con el numero de colaboradores | C13: Monitoria interna del sistema | D13: Seguridad | E13: Lider de medio ambiente | F13: Número de accidentes mes | G13: Número de personas expuestas | H13: Comité de Medio Ambiente | I13: Registros PGIRHS RH1 | J13: Registros PGIRHS RH1 | K13: % | L13: X

Sheet INFORME SEMESTRE 2
C1: INFORME II SEMESTRE | O1: Codigo: EH-F-015 Emision: Ago - 2023 Version: 1
B3: Nombre o Razón Social | C3: Nivel de Complejidad | D3: N° de Camas | E3: Producción Residuos Peligrosos (Kg/Semestral) | F3: Producción Residuos No Peligrosos (Kg/Semestral) | G3: Producción Total de Residuos (Kg/Semestral) | H3: Indicador de destinación para desactivación de alta eficiencia (semestral %) | I3: Indicador de destinación para reciclaje (semestral %) | J3: Indicador de destinación para incineración (semestral %) | K3: Indicador de destinación para rellenos sanitarios (semestral %) | L3: Indicador de destinación para otro sistema (semestral %) | M3: Indicador de Capacitación (semestral %) | N3: Indicador de Frecuencia de Accidentes (semestral %) | O3: Indicador de Gravedad de Accidentes (semestral %) | P3: Indicador de Infección Nosocomial (semestral %)
C4: BAJO | D4: N/A | E4: =+'CONSOLIDADO PGIRHS '!P9 -> 0 | F4: =+'CONSOLIDADO PGIRHS '!P10 -> 0 | G4: =+SUM(E4:F4) -> 0 | H4: =+'CONSOLIDADO PGIRHS '!P5 -> 0 | I4: =+'CONSOLIDADO PGIRHS '!P6 -> 0 | J4: =+'CONSOLIDADO PGIRHS '!#REF! -> #ERROR! | L4: N/A
B5: TRATAMIENTO | H5: Esterilizacion | J5: Incineración
